ID do Cliente;Nome;Idade;Data de Nascimento;Cidade;Estado;Renda;Quantidade de Compras;Valor Total das Compras
C0100;Sofia Pereira;25;02/09/2001;Curitiba;PR;13970.71;31;8834.94
C0034;Igor Rocha;28;14/11/1998;Rio de Janeiro;RJ;11659.43;17;7198.61
C0038;Otavio Ferreira;18;10/12/2008;Curitiba;PR;14703.17;1;230.13
C0024;Tiago Dias;59;18/05/1967;Guarulhos;SP;7045.13;36;2164.29
C0042;Zeca Santos;50;10/11/1976;Caxias do Sul;RS;14441.42;38;7525.97
C0070;Diego Almeida;40;27/08/1986;São Paulo;MG;13660.41;33;9818.01
C0035;Camila Oliveira;51;22/04/1975;São Paulo;SP;2526.46;24;1230.30
C0086;Marcelo Araújo;68;05/10/1958;Campinas;SP;3078.18;21;4355.80
C0066;Gustavo Silva;48;12/08/1978;Rio de Janeiro;RJ;12146.31;15;6476.71
C0061;Bernardo Souza;54;21/05/1972;Porto Alegre;RS;11161.15;13;901.52
C0018;Larissa Ribeiro;57;26/04/1969;Salvador;BA;2144.55;29;5013.78
C0049;Gabriela Oliveira;28;23/05/1998;Uberlândia;MG;11676.93;22;6231.54
C0050;Julia Pereira;54;24/10/1972;Fortaleza;CE;13049.81;14;5512.27
C0041;Beatriz Araújo;51;09/05/1975;Recife;PE;11924.00;28;1883.38
C0069;Thiago Gomes;24;05/10/2002;Fortaleza;CE;4465.90;1;258.67
C0096;Hugo Costa;69;13/11/1957;Guarulhos;SP;13335.03;33;16259.24
C0093;Gustavo Melo;25;08/06/2001;Brasília;DF;7449.45;15;3829.63
C0055;Gustavo Souza;29;15/05/1997;Brasília;DF;6947.75;35;5672.97
C0016;Natalia Dias;34;16/03/1992;Uberlândia;MG;10280.99;27;12900.03
C0004;Olívia Souza;42;03/04/1984;Fortaleza;CE;10304.66;28;3858.12
C0025;Hugo Dias;56;22/02/1970;Vitória;ES;2331.81;20;1647.49
C0020;Bruno Oliveira;66;24/09/1960;Campinas;SP;10445.52;18;6911.89
C0008;William Melo;70;19/08/1956;Vitória;ES;11583.14;26;10867.36
C0064;Daniela Oliveira;20;18/09/2006;Curitiba;PR;4827.63;32;13377.70
C0056;Kevin Araújo;30;11/12/1996;Curitiba;PR;12771.50;17;8385.16
C0098;Fernanda Rodrigues;50;20/12/1976;Florianópolis;SC;10042.74;37;12048.15
C0087;Fernanda Oliveira;49;09/04/1977;Uberlândia;MG;12793.23;27;2067.44
C0076;Camila Silva;61;24/12/1965;Uberlândia;MG;3831.79;17;2306.88
C0012;Diego Ferreira;69;24/11/1957;Florianópolis;SC;12800.57;21;7711.37
C0043;Danilo Almeida;60;10/11/1966;Curitiba;PE;11613.95;16;2208.66
C0081;Mariana Rocha;28;04/07/1998;Porto Alegre;RS;2144.75;23;3360.04
C0036;Marcelo Ribeiro;21;07/06/2005;Porto Alegre;RS;4975.81;13;2795.73
C0073;William Rocha;47;01/12/1979;Fortaleza;CE;3200.00;16;7383.90
C0003;Camila Souza;58;02/05/1968;Porto Alegre;RS;8571.06;1;306.66
C0095;Gustavo Ferreira;53;17/07/1963;Campinas;SP;6920.61;12;5393.16
C0077;Fernanda Melo;67;14/11/1959;Caxias do Sul;RS;4585.92;37;16340.44
C0040;Daniela Dias;26;10/07/2000;Niterói;RJ;11758.23;29;5316.50
C0079;Natalia Costa;62;15/05/1964;São Paulo;SP;5447.17;12;5357.72
C0001;Felipe Costa;27;10/12/1999;Guarulhos;SP;11662.21;20;1796.58
C0030;Bruno Almeida;27;16/06/1999;Florianópolis;SC;8109.55;9;4397.17
C0057;Lucas Costa;27;09/04/1999;Belo Horizonte;MG;3318.81;26;7326.21
C0090;Danilo Barbosa;66;08/10/1960;Caxias do Sul;RS;7178.71;40;7004.43
C0037;Kevin Dias;39;03/09/1987;Brasília;DF;2030.82;26;7268.90
C0052;Úrsula Ferreira;67;11/10/1959;Belo Horizonte;MG;5066.60;28;8327.29
C0082;Olívia Martins;28;09/02/1998;Feira de Santana;BA;3873.03;6;1370.17
C0032;Úrsula Barbosa;37;19/05/1989;Caxias do Sul;RS;11107.41;7;2430.41
C0092;Caio Souza;56;04/03/1970;Belo Horizonte;MG;13837.67;27;8957.58
C0074;Diego Ribeiro;50;19/04/1976;Londrina;PR;9053.40;34;13300.67
C0084;Gustavo Dias;57;19/04/1969;Goiânia;GO;11046.00;14;6417.66
C0026;Lucas Oliveira;48;25/12/1978;Feira de Santana;BA;5155.98;6;2972.99
C0021;Valentina Martins;21;21/11/2005;Brasília;DF;2717.51;35;13324.42
C0010;Natalia Melo;68;16/08/1958;Recife;PE;2705.16;17;5047.26
C0014;Igor Araújo;35;16/11/1991;Uberlândia;MG;10497.32;16;2124.65
C0075;Gabriela Gomes;38;26/06/1988;Campinas;SP;12403.73;37;11409.10
C0011;Hugo Rodrigues;32;18/07/1994;Salvador;PR;8035.59;12;4032.21
C0047;Úrsula Oliveira;61;07/09/1965;Salvador;BA;7589.96;30;12898.90
C0019;Caio Martins;45;13/09/1981;Londrina;PR;2807.34;9;2209.95
C0044;Thiago Martins;51;18/02/1975;Guarulhos;SP;11822.63;14;3285.89
C0017;Caio Costa;36;26/04/1990;Fortaleza;CE;2171.00;15;3922.08
C0051;Wesley Carvalho;24;19/05/2002;Belo Horizonte;MG;5072.81;21;6373.75
C0014;Igor Araújo;35;16/11/1991;Uberlândia;MG;10497.32;16;2124.65
C0067;Gabriela Araújo;78;10/12/1963;Rio de Janeiro;RJ;11098.27;9;1987.79
C0046;Enzo Martins;69;13/07/1957;Vitória;ES;5622.25;39;14729.50
C0045;Quesia Ribeiro;55;09/12/1971;Londrina;PR;14763.98;27;11068.79
C0009;Felipe Rodrigues;21;23/12/2005;Caxias do Sul;RS;5736.91;18;1916.53
C0055;Gustavo Souza;29;15/05/1997;Brasília;DF;6947.75;35;5672.97
C0072;Bernardo Barbosa;25;18/07/2001;Florianópolis;SC;12948.02;14;3194.34
C0078;Enzo Rodrigues;59;17/11/1967;Fortaleza;CE;4354.38;20;6900.49
C0053;Mariana Martins;58;21/03/1968;Salvador;BA;5460.60;22;3841.34
C0097;Pedro Ribeiro;37;05/08/1989;Niterói;SC;3906.74;40;9219.13
C0089;Aline Oliveira;19;12/07/2007;Uberlândia;MG;14881.76;36;5720.56
C0058;Gabriela Souza;46;08/10/1980;Vitória;ES;12043.19;3;388.77
C0071;Bernardo Rodrigues;30;11/04/1996;São Paulo;SP;6742.92;2;865.79
C0080;Valentina Costa;26;13/11/2000;Curitiba;PR;3207.39;35;2412.87
C0048;Daniela Ribeiro;55;02/10/1971;Vitória;ES;4867.89;24;3347.63
C0027;Yasmin Oliveira;58;05/09/1958;Recife;PE;7032.97;22;9039.35
C0054;Rodrigo Araújo;37;23/03/1989;Fortaleza;CE;3233.06;22;7121.71
C0062;Thiago Oliveira;50;20/10/1976;Belo Horizonte;MG;5940.33;30;6211.64
C0029;Gabriela Ribeiro;37;10/12/1989;Uberlândia;MG;11939.51;40;9118.05
C0007;Olívia Carvalho;68;15/03/1973;Uberlândia;MG;5782.96;9;3800.49
C0002;Yago Ribeiro;52;13/07/1974;Fortaleza;BA;7155.76;28;13867.86
C0022;Yago Silva;50;03/08/1976;Campinas;SP;6495.02;1;418.76
C0099;Natalia Martins;29;16/12/1997;Rio de Janeiro;RJ;10408.23;37;8848.92
C0088;Igor Ferreira;33;08/03/1993;Joinville;SC;5380.53;12;2602.62
C0028;Aline Santos;22;03/01/2004;Goiânia;GO;9808.53;38;18857.77
C0063;Ana Ribeiro;30;26/05/1996;Salvador;BA;3572.88;11;2583.45
C0006;Beatriz Carvalho;58;20/06/1988;Uberlândia;MG;4974.26;12;5148.29
C0059;Fernanda Barbosa;23;25/08/2003;Rio de Janeiro;RJ;4882.32;29;2663.96
C0083;Eduarda Costa;50;27/05/1976;Uberlândia;MG;8528.51;21;7957.51
C0015;Nicolas Martins;46;21/10/1980;Recife;PE;1935.20;4;1205.03
C0091;Helena Souza;66;18/04/1960;Salvador;BA;7417.71;38;11112.90
C0033;Camila Ferreira;25;20/12/2001;Rio de Janeiro;RJ;3570.80;1;251.81
C0031;Marcelo Dias;64;22/06/1962;Rio de Janeiro;SP;10061.33;37;15034.56
C0005;Bernardo Costa;44;10/03/1982;Londrina;PR;12748.79;7;2951.57
C0079;Natalia Costa;62;15/05/1964;São Paulo;SP;5447.17;12;5357.72
C0068;Wesley Rocha;52;07/12/1974;Londrina;PR;3946.58;28;12364.15
C0085;Quesia Dias;44;17/01/1982;Florianópolis;GO;5158.91;5;437.98
C0039;Felipe Pereira;36;10/06/1990;Londrina;GO;3674.48;19;1131.79
C0013;Kevin Silva;20;23/06/2006;Uberlândia;MG;8253.64;31;8954.95
C0094;Fernanda Santos;31;25/06/1995;Vitória;ES;12790.46;9;656.60
C0065;Olívia Rodrigues;45;22/02/1981;Joinville;SC;6540.75;5;438.77
C0023;Helena Ferreira;34;05/03/1992;Goiânia;GO;11713.15;19;5561.50
C0060;Wesley Almeida;33;26/02/1993;Uberlândia;MG;14546.72;2;704.37
C0010;Natalia Melo;68;16/08/1958;Recife;PE;2705.16;17;5047.26
C0049;Gabriela Oliveira;28;23/05/1998;Uberlândia;MG;11676.93;22;6231.54
