ID do Cliente;Nome;Estado Correto
C0001;Felipe Costa;SP
C0002;Yago Ribeiro;CE
C0003;Camila Souza;RS
C0004;Olívia Souza;CE
C0005;Bernardo Costa;PR
C0006;Beatriz Carvalho;MG
C0007;Olívia Carvalho;MG
C0008;William Melo;ES
C0009;Felipe Rodrigues;RS
C0010;Natalia Melo;PE
C0011;Hugo Rodrigues;BA
C0012;Diego Ferreira;SC
C0013;Kevin Silva;MG
C0014;Igor Araújo;MG
C0015;Nicolas Martins;PE
C0016;Natalia Dias;MG
C0017;Caio Costa;CE
C0018;Larissa Ribeiro;BA
C0019;Caio Martins;PR
C0020;Bruno Oliveira;SP
C0021;Valentina Martins;DF
C0022;Yago Silva;SP
C0023;Helena Ferreira;GO
C0024;Tiago Dias;SP
C0025;Hugo Dias;ES
C0026;Lucas Oliveira;BA
C0027;Yasmin Oliveira;PE
C0028;Aline Santos;GO
C0029;Gabriela Ribeiro;MG
C0030;Bruno Almeida;SC
C0031;Marcelo Dias;RJ
C0032;Úrsula Barbosa;RS
C0033;Camila Ferreira;RJ
C0034;Igor Rocha;RJ
C0035;Camila Oliveira;SP
C0036;Marcelo Ribeiro;RS
C0037;Kevin Dias;DF
C0038;Otavio Ferreira;PR
C0039;Felipe Pereira;PR
C0040;Daniela Dias;RJ
C0041;Beatriz Araújo;PE
C0042;Zeca Santos;RS
C0043;Danilo Almeida;PR
C0044;Thiago Martins;SP
C0045;Quesia Ribeiro;PR
C0046;Enzo Martins;ES
C0047;Úrsula Oliveira;BA
C0048;Daniela Ribeiro;ES
C0049;Gabriela Oliveira;MG
C0050;Julia Pereira;CE
C0051;Wesley Carvalho;MG
C0052;Úrsula Ferreira;MG
C0053;Mariana Martins;BA
C0054;Rodrigo Araújo;CE
C0055;Gustavo Souza;DF
C0056;Kevin Araújo;PR
C0057;Lucas Costa;MG
C0058;Gabriela Souza;ES
C0059;Fernanda Barbosa;RJ
C0060;Wesley Almeida;MG
C0061;Bernardo Souza;RS
C0062;Thiago Oliveira;MG
C0063;Ana Ribeiro;BA
C0064;Daniela Oliveira;PR
C0065;Olívia Rodrigues;SC
C0066;Gustavo Silva;RJ
C0067;Gabriela Araújo;RJ
C0068;Wesley Rocha;PR
C0069;Thiago Gomes;CE
C0070;Diego Almeida;SP
C0071;Bernardo Rodrigues;SP
C0072;Bernardo Barbosa;SC
C0073;William Rocha;CE
C0074;Diego Ribeiro;PR
C0075;Gabriela Gomes;SP
C0076;Camila Silva;MG
C0077;Fernanda Melo;RS
C0078;Enzo Rodrigues;CE
C0079;Natalia Costa;SP
C0080;Valentina Costa;PR
C0081;Mariana Rocha;RS
C0082;Olívia Martins;BA
C0083;Eduarda Costa;MG
C0084;Gustavo Dias;GO
C0085;Quesia Dias;SC
C0086;Marcelo Araújo;SP
C0087;Fernanda Oliveira;MG
C0088;Igor Ferreira;SC
C0089;Aline Oliveira;MG
C0090;Danilo Barbosa;RS
C0091;Helena Souza;BA
C0092;Caio Souza;MG
C0093;Gustavo Melo;DF
C0094;Fernanda Santos;ES
C0095;Gustavo Ferreira;SP
C0096;Hugo Costa;SP
C0097;Pedro Ribeiro;RJ
C0098;Fernanda Rodrigues;SC
C0099;Natalia Martins;RJ
C0100;Sofia Pereira;PR
